{"cameraMode":{"drawMode":0,"name":"Shaded","section":"Shading Mode"},"sceneLighting":true,"audioPlay":false,"sceneViewState":{"showFog":true,"showMaterialUpdate":true,"showSkybox":true,"showFlares":true,"showImageEffects":true,"showParticleSystems":true},"in2DMode":false,"pivot":{"x":-41.72321701049805,"y":17.41404151916504,"z":-76.94312286376953},"rotation":{"x":-0.09378740191459656,"y":0.6524662375450134,"z":-0.08185861259698868,"w":-0.7475295066833496},"size":91.43097686767578,"orthographic":false}