{"cameraMode":{"drawMode":0,"name":"Shaded","section":"Shading Mode"},"sceneLighting":true,"audioPlay":false,"sceneViewState":{"showFog":true,"showMaterialUpdate":true,"showSkybox":true,"showFlares":true,"showImageEffects":true,"showParticleSystems":true},"in2DMode":false,"pivot":{"x":-18.686410903930665,"y":-8.491752624511719,"z":-5.094479560852051},"rotation":{"x":-0.14090576767921449,"y":0.7045496702194214,"z":-0.14598149061203004,"w":-0.6800401210784912},"size":15.397092819213868,"orthographic":false}