{"cameraMode":{"drawMode":0,"name":"Shaded","section":"Shading Mode"},"sceneLighting":false,"audioPlay":false,"sceneViewState":{"showFog":true,"showMaterialUpdate":true,"showSkybox":false,"showFlares":true,"showImageEffects":true,"showParticleSystems":true},"in2DMode":false,"pivot":{"x":0.8035228252410889,"y":1.2869999408721924,"z":-4.795598983764648},"rotation":{"x":-0.4052286744117737,"y":0.13011033833026887,"z":-0.058386340737342837,"w":-0.9030278325080872},"size":0.17320504784584046,"orthographic":false}