{"cameraMode":{"drawMode":0,"name":"Shaded","section":"Shading Mode"},"sceneLighting":true,"audioPlay":false,"sceneViewState":{"showFog":true,"showMaterialUpdate":true,"showSkybox":true,"showFlares":true,"showImageEffects":true,"showParticleSystems":true},"in2DMode":false,"pivot":{"x":18.07403564453125,"y":-8.65191650390625,"z":-1.1280517578125},"rotation":{"x":-0.07940621674060822,"y":0.9131139516830444,"z":-0.21506135165691377,"w":-0.33714571595191958},"size":751.589111328125,"orthographic":false}