{"cameraMode":{"drawMode":0,"name":"Shaded","section":"Shading Mode"},"sceneLighting":true,"audioPlay":false,"sceneViewState":{"showFog":true,"showMaterialUpdate":true,"showSkybox":true,"showFlares":true,"showImageEffects":true,"showParticleSystems":true},"in2DMode":false,"pivot":{"x":-5.788689613342285,"y":-21.81680679321289,"z":1.8139965534210206},"rotation":{"x":-0.47851839661598208,"y":0.4458208978176117,"z":-0.3089486360549927,"w":-0.6905241012573242},"size":38.936397552490237,"orthographic":false}