{"cameraMode":{"drawMode":0,"name":"Shaded","section":"Shading Mode"},"sceneLighting":true,"audioPlay":false,"sceneViewState":{"showFog":true,"showMaterialUpdate":true,"showSkybox":true,"showFlares":true,"showImageEffects":true,"showParticleSystems":true},"in2DMode":false,"pivot":{"x":-13.935397148132325,"y":-1.1872633695602418,"z":-3.71454119682312},"rotation":{"x":-0.08458837866783142,"y":0.7202863693237305,"z":-0.08930348604917526,"w":-0.682780921459198},"size":12.802582740783692,"orthographic":true}