{"cameraMode":{"drawMode":0,"name":"Shaded","section":"Shading Mode"},"sceneLighting":false,"audioPlay":false,"sceneViewState":{"showFog":true,"showMaterialUpdate":true,"showSkybox":false,"showFlares":true,"showImageEffects":true,"showParticleSystems":true},"in2DMode":false,"pivot":{"x":-7.845402717590332,"y":-9.340371131896973,"z":14.814802169799805},"rotation":{"x":-0.036652930080890658,"y":0.6502569317817688,"z":-0.03144280984997749,"w":-0.7581948041915894},"size":0.12247495353221894,"orthographic":false}