{"cameraMode":{"drawMode":0,"name":"Shaded","section":"Shading Mode"},"sceneLighting":false,"audioPlay":false,"sceneViewState":{"showFog":true,"showMaterialUpdate":true,"showSkybox":false,"showFlares":true,"showImageEffects":true,"showParticleSystems":true},"in2DMode":false,"pivot":{"x":0.0,"y":-0.028832674026489259,"z":0.01570308208465576},"rotation":{"x":0.2338961958885193,"y":-0.20809385180473329,"z":0.051322534680366519,"w":0.9483464956283569},"size":0.7734258770942688,"orthographic":false}