{"cameraMode":{"drawMode":0,"name":"Shaded","section":"Shading Mode"},"sceneLighting":false,"audioPlay":false,"sceneViewState":{"showFog":true,"showMaterialUpdate":true,"showSkybox":false,"showFlares":true,"showImageEffects":true,"showParticleSystems":true},"in2DMode":false,"pivot":{"x":6.834942817687988,"y":-11.789999961853028,"z":11.779999732971192},"rotation":{"x":0.23699460923671723,"y":-0.5763178467750549,"z":0.179419606924057,"w":0.7612572312355042},"size":9.438063621520996,"orthographic":false}