{"cameraMode":{"drawMode":0,"name":"Shaded","section":"Shading Mode"},"sceneLighting":true,"audioPlay":false,"sceneViewState":{"showFog":true,"showMaterialUpdate":true,"showSkybox":true,"showFlares":true,"showImageEffects":true,"showParticleSystems":true},"in2DMode":false,"pivot":{"x":80.39495086669922,"y":-40.50421905517578,"z":-17.861797332763673},"rotation":{"x":0.052207451313734058,"y":0.946290135383606,"z":-0.25153928995132449,"w":0.196372851729393},"size":38.80390167236328,"orthographic":true}